url_path,views_total,views_unique
/hexiongjiu/PathfinderAdventures-CHS,13,7
/hexiongjiu/PathfinderAdventures-CHS/blob/master/level5,4,1
/hexiongjiu/PathfinderAdventures-CHS/graphs/traffic,3,1
/hexiongjiu/PathfinderAdventures-CHS/pulse,3,1
/hexiongjiu/PathfinderAdventures-CHS/blob/master/level2,2,1
/hexiongjiu/PathfinderAdventures-CHS/blob/master/level8,2,1
/hexiongjiu/PathfinderAdventures-CHS/blob/master/level9,2,1
/hexiongjiu/PathfinderAdventures-CHS/blob/master/sharedassets0.assets,2,1
/hexiongjiu/PathfinderAdventures-CHS/issues,2,1
/hexiongjiu/PathfinderAdventures-CHS/actions,1,1
